6 - Full Notes/StudyPlan/Week 1.md,
6 - Full Notes/Software/Obsidian/Deploy Plugin.md,
6 - Full Notes/Software/Neovim/Neovim.md,
6 - Full Notes/Software/Neovim/Add Images.md,
6 - Full Notes/Software/NPM/RxDB.md,
6 - Full Notes/Software/Git/Errors.md,
6 - Full Notes/Programming/Services/Streaming/Kafka.md,
6 - Full Notes/Programming/Services/Search Engine/OpenSearch.md,
6 - Full Notes/Programming/Services/Search Engine/Lucene.md,
6 - Full Notes/Programming/Services/Search Engine/Elasticsearch.md,
6 - Full Notes/Programming/Services/Monitoring/Splunk.md,
6 - Full Notes/Programming/Services/Monitoring/New Relic.md,
6 - Full Notes/Programming/Services/Hosting/Vercel.md,
6 - Full Notes/Programming/Services/Database/PostgreSQL.md,
6 - Full Notes/Programming/Services/Database/Oracle.md,
6 - Full Notes/Programming/Services/Database/OpenSearch Service.md,
6 - Full Notes/Programming/Services/Database/MySQL.md,
6 - Full Notes/Programming/Services/Database/Cassandra.md,
6 - Full Notes/Programming/Services/Cloud/GCP/Services/Google Cloud Pub-Sub.md,
6 - Full Notes/Programming/Services/Cloud/GCP/Services/Google Cloud Bigtable.md,
6 - Full Notes/Programming/Services/Cloud/GCP/Services/GCP Cloud Functions.md,
6 - Full Notes/Programming/Services/Cloud/GCP/Services/Firestore.md,
6 - Full Notes/Programming/Services/Cloud/GCP/Services/Firebase.md,
6 - Full Notes/Programming/Services/Cloud/GCP/Services/Firebase vs Firestore.md,
6 - Full Notes/Programming/Services/Cloud/GCP/Services/Cloud Storage.md,
6 - Full Notes/Programming/Services/Cloud/AWS/Services/Snowflake.md,
6 - Full Notes/Programming/Services/Cloud/AWS/Services/Security/CloudTrail/CloudTrail.md,
6 - Full Notes/Programming/Services/Cloud/AWS/Services/SQS.md,
6 - Full Notes/Programming/Services/Cloud/AWS/Services/SNS.md,
6 - Full Notes/Programming/Services/Cloud/AWS/Services/S3.md,
6 - Full Notes/Programming/Services/Cloud/AWS/Services/Redshift.md,
6 - Full Notes/Programming/Services/Cloud/AWS/Services/Kinesis Data Streams.md,
6 - Full Notes/Programming/Services/Cloud/AWS/Services/Identity and Federation/STS/Session Tags.md,
6 - Full Notes/Programming/Services/Cloud/AWS/Services/Identity and Federation/STS/STS.md,
6 - Full Notes/Programming/Services/Cloud/AWS/Services/Identity and Federation/STS/Important APIs.md,
6 - Full Notes/Programming/Services/Cloud/AWS/Services/Identity and Federation/STS/Granting Access to a Third Party.md,
6 - Full Notes/Programming/Services/Cloud/AWS/Services/Identity and Federation/IAM/Users.md,
6 - Full Notes/Programming/Services/Cloud/AWS/Services/Identity and Federation/IAM/Service Roles.md,
6 - Full Notes/Programming/Services/Cloud/AWS/Services/Identity and Federation/IAM/Resource Based Policies.md,
6 - Full Notes/Programming/Services/Cloud/AWS/Services/Identity and Federation/IAM/Permission Boundaries.md,
6 - Full Notes/Programming/Services/Cloud/AWS/Services/Identity and Federation/IAM/Organization.md,
6 - Full Notes/Programming/Services/Cloud/AWS/Services/Identity and Federation/IAM/IAM.md,
6 - Full Notes/Programming/Services/Cloud/AWS/Services/Identity and Federation/IAM/IAM Roles.md,
6 - Full Notes/Programming/Services/Cloud/AWS/Services/Identity and Federation/IAM/IAM Policies.md,
6 - Full Notes/Programming/Services/Cloud/AWS/Services/Identity and Federation/IAM/Groups.md,
6 - Full Notes/Programming/Services/Cloud/AWS/Services/Identity and Federation/IAM/EC2 Instance Roles.md,
6 - Full Notes/Programming/Services/Cloud/AWS/Services/Identity and Federation/IAM/Cross Account Roles.md,
6 - Full Notes/Programming/Services/Cloud/AWS/Services/Identity and Federation/IAM/Access Analyzer/Zone of Trust.md,
6 - Full Notes/Programming/Services/Cloud/AWS/Services/Identity and Federation/IAM/Access Analyzer/Policy Validation.md,
6 - Full Notes/Programming/Services/Cloud/AWS/Services/Identity and Federation/IAM/Access Analyzer/Policy Generation.md,
6 - Full Notes/Programming/Services/Cloud/AWS/Services/Identity and Federation/IAM/Access Analyzer/Access Analyzer.md,
6 - Full Notes/Programming/Services/Cloud/AWS/Services/Identity and Federation/IAM/Access Advisor.md,
6 - Full Notes/Programming/Services/Cloud/AWS/Services/Identity and Federation/Concepts/IAM Roles vs Resource Based Policies.md,
6 - Full Notes/Programming/Services/Cloud/AWS/Services/Fargate.md,
6 - Full Notes/Programming/Services/Cloud/AWS/Services/EC2.md,
6 - Full Notes/Programming/Services/Cloud/AWS/Services/DynamoDB.md,
6 - Full Notes/Programming/Services/Cloud/AWS/Services/Compute/Lambda/Layers.md,
6 - Full Notes/Programming/Services/Cloud/AWS/Services/Compute/Lambda/Lambda.md,
6 - Full Notes/Programming/Services/Cloud/AWS/Services/CloudWatch.md,
6 - Full Notes/Programming/Services/Cloud/AWS/Services/Amazon Redshift.md,
6 - Full Notes/Programming/Services/Cloud/AWS/Services/Amazon Keyspaces.md,
6 - Full Notes/Programming/Services/Cloud/AWS/Services/Amazon Data Firehose.md,
6 - Full Notes/Programming/Services/Cloud/AWS/Notes/Kinesis Streams vs. Kinesis Firehose.md,
6 - Full Notes/Programming/Services/Cloud/AWS/Features/Provisioned Concurrency.md,
6 - Full Notes/Programming/Services/Cloud/AWS/Features/Lambda Cold Start.md,
6 - Full Notes/Programming/Services/Cloud/AWS/Features/Execution Environments.md,
6 - Full Notes/Programming/Services/Cloud/AWS/Features/Dynamo Streams.md,
6 - Full Notes/Programming/Services/Cloud/AWS/Concepts/Resources.md,
6 - Full Notes/Programming/Services/Cloud/AWS/Concepts/Principal.md,
6 - Full Notes/Programming/Services/Cloud/AWS/Concepts/Presigned URLs.md,
6 - Full Notes/Programming/Services/Cloud/AWS/Concepts/Fanout Pattern.md,
6 - Full Notes/Programming/Services/CICD/Jenkins.md,
6 - Full Notes/Programming/Services/CICD/EAS.md,
6 - Full Notes/Programming/Projects/Photo Backup Server/Photo Backup Server.md,
6 - Full Notes/Programming/Projects/Note Reviewer/Tasks.md,
6 - Full Notes/Programming/Projects/Note Reviewer/Note Reviewer.md,
6 - Full Notes/Programming/Projects/Note Reviewer/Challenges.md,
6 - Full Notes/Programming/Problems/Systems Design/Google Maps.md,
6 - Full Notes/Programming/Problems/Systems Design/Design Uber.md,
6 - Full Notes/Programming/Problems/Systems Design/Design Netflix.md,
6 - Full Notes/Programming/Problems/LeetCode/Concepts/Lookup Table.md,
6 - Full Notes/Programming/Problems/LeetCode/Amazon/Commonly Asked Problems.md,
6 - Full Notes/Programming/Problems/LeetCode/Amazon/973. K Closest Points to Origin.md,
6 - Full Notes/Programming/Problems/LeetCode/Amazon/937. Reorder Data in Log Files.md,
6 - Full Notes/Programming/Problems/LeetCode/Amazon/2281. Sum of Total Strength of Wizards.md,
6 - Full Notes/Programming/Problems/LeetCode/Amazon/200. Number of Islands.md,
6 - Full Notes/Programming/Problems/LeetCode/Amazon/146. LRU Cache.md,
6 - Full Notes/Programming/Problems/LeetCode/Amazon/1268. Search Suggestion System.md,
6 - Full Notes/Programming/Problems/LeetCode/912. Sort an Array.md,
6 - Full Notes/Programming/Problems/LeetCode/2976. Minimum Cost to Convert String I.md,
6 - Full Notes/Programming/Problems/LeetCode/2751. Robot Collisions.md,
6 - Full Notes/Programming/Problems/LeetCode/268. Missing Number.md,
6 - Full Notes/Programming/Problems/LeetCode/2582. Pass the Pillow.md,
6 - Full Notes/Programming/Problems/LeetCode/2392. Build a Matrix with Conditions.md,
6 - Full Notes/Programming/Problems/LeetCode/2192. All Ancestors of a Node in a Directed Acyclic Graph.md,
6 - Full Notes/Programming/Problems/LeetCode/2191. Sort the Jumbled Numbers.md,
6 - Full Notes/Programming/Problems/LeetCode/2181. Merge Nodes in Between Zones.md,
6 - Full Notes/Programming/Problems/LeetCode/2045. Second Minimum Time to Reach Destination.md,
6 - Full Notes/Programming/Problems/LeetCode/2. Add Two Numbers.md,
6 - Full Notes/Programming/Problems/LeetCode/1915. Number of Wonderful Strings.md,
6 - Full Notes/Programming/Problems/LeetCode/1717. Maximum Score From Removing Substrings.md,
6 - Full Notes/Programming/Problems/LeetCode/1653. Minimum Deletions to Make String Balanced.md,
6 - Full Notes/Programming/Problems/LeetCode/1579. Remove Max Number of Edges to Keep Graph Fully Traversable.md,
6 - Full Notes/Programming/Problems/LeetCode/1530. Number of Good Leaf Nodes Pairs.md,
6 - Full Notes/Programming/Problems/LeetCode/1438. Longest Continuous Subarray With Absolute Diff Less Than or Equal to Limit.md,
6 - Full Notes/Programming/Problems/LeetCode/1395. Counter Number of Teams.md,
6 - Full Notes/Programming/Problems/LeetCode/1382. Balance a Binary Search Tree.md,
6 - Full Notes/Programming/Problems/LeetCode/1334. Find the City With the Smallest Number of Neighbors at a Threshold Distance.md,
6 - Full Notes/Programming/Problems/LeetCode/133. Clone Graph.md,
6 - Full Notes/Programming/Problems/LeetCode/1248. Count Number of Nice Subarrays.md,
6 - Full Notes/Programming/Problems/LeetCode/1190. Reverse Substring Between Each Pair of Parentheses.md,
6 - Full Notes/Programming/Problems/LeetCode/1110. Delete Nodes and Return Forest.md,
6 - Full Notes/Programming/Libraries/Redux.md,
6 - Full Notes/Programming/Libraries/React.md,
6 - Full Notes/Programming/Languages/TypeScript/TypeScript.md,
6 - Full Notes/Programming/Languages/TypeScript/Interface vs. Type.md,
6 - Full Notes/Programming/Languages/TypeScript/Concepts/Type.md,
6 - Full Notes/Programming/Languages/TypeScript/Concepts/Interface.md,
6 - Full Notes/Programming/Languages/SQL/Practice/Questions.md,
6 - Full Notes/Programming/Languages/SQL/Practice/Links.md,
6 - Full Notes/Programming/Languages/SQL/Practice/Interesting_Questions.md,
6 - Full Notes/Programming/Languages/SQL/Notes/Commands.md,
6 - Full Notes/Programming/Languages/SQL/Concepts/Right Join.md,
6 - Full Notes/Programming/Languages/SQL/Concepts/Left Join.md,
6 - Full Notes/Programming/Languages/NodeJS/NodeJS.md,
6 - Full Notes/Programming/Languages/Markdown/cheatsheet.md,
6 - Full Notes/Programming/Languages/JavaScript/JavaScript.md,
6 - Full Notes/Programming/Languages/Go/Initialize Project.md,
6 - Full Notes/Programming/Frameworks/Tailwind CSS.md,
6 - Full Notes/Programming/Frameworks/React Native/React Native.md,
6 - Full Notes/Programming/Frameworks/React Native/React Native Starter.md,
6 - Full Notes/Programming/Frameworks/Express.md,
6 - Full Notes/Programming/Frameworks/Expo.md,
6 - Full Notes/Programming/Frameworks/Cypress.md,
6 - Full Notes/Programming/Design Principles/Single-Responsibility Principle.md,
6 - Full Notes/Programming/Design Principles/REST.md,
6 - Full Notes/Programming/Design Principles/Open-Closed Principle.md,
6 - Full Notes/Programming/Design Principles/Liskov Substitution Principle.md,
6 - Full Notes/Programming/Design Principles/Interface Segregation Principle.md,
6 - Full Notes/Programming/Design Principles/Dependency Inversion Principle.md,
6 - Full Notes/Programming/Design Patterns/Structural/Facade.md,
6 - Full Notes/Programming/Design Patterns/Structural/Decorator.md,
6 - Full Notes/Programming/Design Patterns/Structural/Adapter.md,
6 - Full Notes/Programming/Design Patterns/Creational/Singleton.md,
6 - Full Notes/Programming/Design Patterns/Creational/Prototype.md,
6 - Full Notes/Programming/Design Patterns/Creational/Factory.md,
6 - Full Notes/Programming/Design Patterns/Creational/Builder.md,
6 - Full Notes/Programming/Design Patterns/Behavioral/Strategy.md,
6 - Full Notes/Programming/Design Patterns/Behavioral/State.md,
6 - Full Notes/Programming/Design Patterns/Behavioral/Observer.md,
6 - Full Notes/Programming/Design Methodologies/Adaptive Software Development.md,
6 - Full Notes/Programming/Data Structures & Algorithms/Union Find/Union Find.md,
6 - Full Notes/Programming/Data Structures & Algorithms/Trees/Quadtree.md,
6 - Full Notes/Programming/Data Structures & Algorithms/Trees/Level Order Traversal.md,
6 - Full Notes/Programming/Data Structures & Algorithms/Trees/In Order Traversal.md,
6 - Full Notes/Programming/Data Structures & Algorithms/Trees/Heap.md,
6 - Full Notes/Programming/Data Structures & Algorithms/Trees/DFS.md,
6 - Full Notes/Programming/Data Structures & Algorithms/Trees/Binary Search Tree.md,
6 - Full Notes/Programming/Data Structures & Algorithms/Sliding Window/Sliding Window.md,
6 - Full Notes/Programming/Data Structures & Algorithms/Queues/MonoQueue.md,
6 - Full Notes/Programming/Data Structures & Algorithms/Queues/MinQueue.md,
6 - Full Notes/Programming/Data Structures & Algorithms/Queues/MaxQueue.md,
6 - Full Notes/Programming/Data Structures & Algorithms/Intervals/Sweep Line.md,
6 - Full Notes/Programming/Data Structures & Algorithms/Graphs/Topological Sort.md,
6 - Full Notes/Programming/Data Structures & Algorithms/Graphs/Djikstra's.md,
6 - Full Notes/Programming/Data Structures & Algorithms/Bitwise/Bitwise.md,
6 - Full Notes/Programming/Data Structures & Algorithms/Binary Search/Binary Search.md,
6 - Full Notes/Programming/Data Structures & Algorithms/Backtracking/Subsets.md,
6 - Full Notes/Programming/Data Structures & Algorithms/Backtracking/Permutations.md,
6 - Full Notes/Programming/Data Structures & Algorithms/Backtracking/Backtracking.md,
6 - Full Notes/Programming/Concepts/lexicographically.md,
6 - Full Notes/Programming/Concepts/XOR.md,
6 - Full Notes/Programming/Concepts/WebSocket.md,
6 - Full Notes/Programming/Concepts/Unstructured Data.md,
6 - Full Notes/Programming/Concepts/UDP.md,
6 - Full Notes/Programming/Concepts/Transport Layer.md,
6 - Full Notes/Programming/Concepts/Testing.md,
6 - Full Notes/Programming/Concepts/TCP.md,
6 - Full Notes/Programming/Concepts/Symbolic Link.md,
6 - Full Notes/Programming/Concepts/Streaming Database.md,
6 - Full Notes/Programming/Concepts/Spatial Indexing.md,
6 - Full Notes/Programming/Concepts/Socket.md,
6 - Full Notes/Programming/Concepts/Socket vs. WebSocket.md,
6 - Full Notes/Programming/Concepts/Sharding.md,
6 - Full Notes/Programming/Concepts/Shallow Copy.md,
6 - Full Notes/Programming/Concepts/Scan.md,
6 - Full Notes/Programming/Concepts/SSL-TLS.md,
6 - Full Notes/Programming/Concepts/SLO.md,
6 - Full Notes/Programming/Concepts/SLI.md,
6 - Full Notes/Programming/Concepts/SLA.md,
6 - Full Notes/Programming/Concepts/SLA vs SLO.md,
6 - Full Notes/Programming/Concepts/SAML.md,
6 - Full Notes/Programming/Concepts/Right Join.md,
6 - Full Notes/Programming/Concepts/RSS feeds.md,
6 - Full Notes/Programming/Concepts/Query.md,
6 - Full Notes/Programming/Concepts/Push technology.md,
6 - Full Notes/Programming/Concepts/Pub-Sub.md,
6 - Full Notes/Programming/Concepts/Principle of Least Privilege.md,
6 - Full Notes/Programming/Concepts/Polling.md,
6 - Full Notes/Programming/Concepts/Poll vs. Push.md,
6 - Full Notes/Programming/Concepts/Optimistic Locking.md,
6 - Full Notes/Programming/Concepts/OpenID Connect.md,
6 - Full Notes/Programming/Concepts/Object Store.md,
6 - Full Notes/Programming/Concepts/OSI Model.md,
6 - Full Notes/Programming/Concepts/Minimum Spanning Tree.md,
6 - Full Notes/Programming/Concepts/MFA.md,
6 - Full Notes/Programming/Concepts/LSP.md,
6 - Full Notes/Programming/Concepts/LSI.md,
6 - Full Notes/Programming/Concepts/Integration Test.md,
6 - Full Notes/Programming/Concepts/Identity & Federation.md,
6 - Full Notes/Programming/Concepts/Idempotent.md,
6 - Full Notes/Programming/Concepts/IDP.md,
6 - Full Notes/Programming/Concepts/Geotagging.md,
6 - Full Notes/Programming/Concepts/Geohash.md,
6 - Full Notes/Programming/Concepts/Geocoding.md,
6 - Full Notes/Programming/Concepts/GSI.md,
6 - Full Notes/Programming/Concepts/Federated User.md,
6 - Full Notes/Programming/Concepts/ERP System.md,
6 - Full Notes/Programming/Concepts/E2E Testing.md,
6 - Full Notes/Programming/Concepts/Distributed Systems.md,
6 - Full Notes/Programming/Concepts/Digraph.md,
6 - Full Notes/Programming/Concepts/Deep Copy.md,
6 - Full Notes/Programming/Concepts/DBS.md,
6 - Full Notes/Programming/Concepts/DAG.md,
6 - Full Notes/Programming/Concepts/Conditional Writes.md,
6 - Full Notes/Programming/Concepts/Cloud Functions.md,
6 - Full Notes/Programming/Concepts/CRM System.md,
6 - Full Notes/Programming/Concepts/CICD.md,
6 - Full Notes/Programming/Concepts/CDN.md,
6 - Full Notes/Programming/Concepts/Atomicity.md,
6 - Full Notes/Programming/Concepts/At least once delivery.md,
6 - Full Notes/Programming/Concepts/Abstract Class.md,
6 - Full Notes/Programming/Concepts/ADR.md,
6 - Full Notes/Programming/Concepts/ACID.md,
6 - Full Notes/Private/Work/John Deere/Projects/Smartlook.md,
6 - Full Notes/Private/Work/John Deere/Projects/Elavon Service.md,
6 - Full Notes/Private/Work/John Deere/Projects/Elavon Lambda Alarms.md,
6 - Full Notes/Private/Work/John Deere/Projects/DPP Elavon SNS Subscriptions.md,
6 - Full Notes/Private/Professional/Work History/BragSheet/LiftsKit/Context Refactor.md,
6 - Full Notes/Private/Professional/Work History/BragSheet/Digital Payment/Smartlook Integration.md,
6 - Full Notes/Private/Professional/Work History/BragSheet/Digital Payment/Lambda Cold Start.md,
6 - Full Notes/Private/Professional/Work History/BragSheet/Digital Payment/Frontend Refactor.md,
6 - Full Notes/Private/Professional/Work History/BragSheet/Digital Payment/Digital Checkout BFF.md,
6 - Full Notes/Private/Professional/Work History/BragSheet/Digital Payment/CloudWatch Alerts.md,
6 - Full Notes/Private/Professional/Work History/ADR/Elavon Service Architecture.md,
6 - Full Notes/Private/Professional/Study/AWS/Notes/Associates Certification Notes.md,
6 - Full Notes/Private/Professional/Study/AWS/Exams/Solutions Architect Associate.md,
6 - Full Notes/Private/Professional/Study/AWS/Exams/Developer Associates.md,
6 - Full Notes/Private/Professional/Professional References.md,
6 - Full Notes/Private/Professional/Job_Search/2024/Applied.md,
6 - Full Notes/Private/Professional/Interviews/Strategy/Technical Interview Strategy.md,
6 - Full Notes/Private/Professional/Interviews/Strategy/ServiceCore Third Interview Prep.md,
6 - Full Notes/Private/Professional/Interviews/Strategy/Last Day Study Sheet.md,
6 - Full Notes/Private/Professional/Interviews/Questions/Situational Questions.md,
6 - Full Notes/Private/Professional/Interviews/Questions/Situational Questions 2.md,
6 - Full Notes/Private/Professional/Interviews/Questions/Questions for Them.md,
6 - Full Notes/Private/Professional/Interviews/Questions/Behavioral Questions.md,
6 - Full Notes/Private/Professional/Interviews/Questions/Application Questions.md,
6 - Full Notes/Private/Professional/Interviews/Professional References.md,
6 - Full Notes/Private/Professional/Interviews/Concepts/Team Performance Metrics.md,
6 - Full Notes/Private/Professional/Interviews/Concepts/Situational vs. Behavioral.md,
6 - Full Notes/Private/Professional/Interviews/Companies/Rocket Companies.md,
6 - Full Notes/Private/Professional/Interviews/Companies/Millenium Space Systems.md,
6 - Full Notes/Private/Professional/Interviews/Companies/Harbinger Automotive.md,
6 - Full Notes/Private/Professional/Interviews/Answers/System Design in Practice.md,
6 - Full Notes/Private/Professional/Interviews/Answers/Startup Experience.md,
6 - Full Notes/Private/Professional/Interviews/Answers/Situational Answers.md,
6 - Full Notes/Private/Professional/Interviews/Answers/Situational Answers 2.md,
6 - Full Notes/Private/Professional/Interviews/Answers/Design Patterns in Practice.md,
6 - Full Notes/Private/Professional/Interviews/Answers/Design Decisions in Practice.md,
6 - Full Notes/Private/Professional/Interviews/Answers/Behavioral Answers.md,
6 - Full Notes/Private/Professional/Interviews/Answers/AWS_Experience.md,
6 - Full Notes/Private/Credentials/Github/creds.md,
6 - Full Notes/Philosophy/Fallacies/ad hominem.md,
6 - Full Notes/Philosophy/Concepts/Thought Terminating Cliche.md,
6 - Full Notes/Personal/Stuff/Glove80.md,
6 - Full Notes/Personal/Stuff/Favorite Comedians.md,
6 - Full Notes/Homes/Seen/8301 Church St..md,
6 - Full Notes/Homes/Seen/70440 Indio Ave.md,
6 - Full Notes/Homes/Seen/58133 Alta Mesa.md,
6 - Full Notes/Homes/New/TODO.md,
6 - Full Notes/Homes/Favorites.md,
6 - Full Notes/Homes/Checkout/7676 Elwood St. Joshua Tree.md,
6 - Full Notes/Homes/Checkout/7535 Apache Trail.md,
6 - Full Notes/Homes/Checkout/7440 Indio Ave.md,
6 - Full Notes/Homes/Checkout/6454 Goleta Ave.md,
6 - Full Notes/Homes/Checkout/6082 Carmelita.md,
6 - Full Notes/Homes/Checkout/5921 El Dorado.md,
6 - Full Notes/Homes/Checkout/58133 Alta Mesa.md,
6 - Full Notes/Homes/Checkout/57946 Desert Gold.md,
6 - Full Notes/Homes/Checkout/57866 Desert Gold.md,
6 - Full Notes/Homes/Checkout/56814 Ivanhoe.md,
6 - Full Notes/Engineering/Databases/Third Normal Form.md,
6 - Full Notes/Engineering/Databases/Second Normal Form.md,
6 - Full Notes/Engineering/Databases/Primary Key.md,
6 - Full Notes/Engineering/Databases/Higher Normal Form.md,
6 - Full Notes/Engineering/Databases/First Normal Form.md,
6 - Full Notes/Engineering/Databases/Database Normalization.md,
6 - Full Notes/Engineering/Databases/Composite Primary Key.md,
6 - Full Notes/Deep Dives/Transaction Process Abstract Class.md,
6 - Full Notes/Deep Dives/Stripe SDK Singleton.md,
6 - Full Notes/Deep Dives/Dynamo Transaction Builder.md,
6 - Full Notes/Deep Dives/Dynamo Concurrent Updates.md,
6 - Full Notes/Deep Dives/Design Google Maps.md,
6 - Full Notes/Deep Dives/Containers vs. Lambdas.md,
6 - Full Notes/ADR/Write Heavy Workloads.md,
6 - Full Notes/ADR/Typescript - Why and How.md,
6 - Full Notes/ADR/Read Heavy Workloads.md,
6 - Full Notes/ADR/NoSQL vs. SQL.md,
6 - Full Notes/ADR/Containers vs. Lambdas.md,
5 - Template/Tag Template.md,
5 - Template/Main Note.md,
5 - Template/Interview Template.md,
4 - Indexes/Terraform.md,
4 - Indexes/TODO.md,
4 - Indexes/Programming.md,
4 - Indexes/Philosophy.md,
4 - Indexes/Leetcode.md,
4 - Indexes/Homes.md,
4 - Indexes/Go.md,
4 - Indexes/GCP.md,
4 - Indexes/Design Principles.md,
4 - Indexes/Design Patterns.md,
4 - Indexes/Database.md,
4 - Indexes/Data Transfer.md,
4 - Indexes/Data Structures & Algorithms.md,
4 - Indexes/BragSheet.md,
4 - Indexes/Amazon.md,
4 - Indexes/AWS.md,
3 - Tags/Tree.md,
3 - Tags/Tree Traversal.md,
3 - Tags/System Design.md,
3 - Tags/Streaming Service.md,
3 - Tags/Strategy Pattern.md,
3 - Tags/Staff Software Engineer.md,
3 - Tags/Software Engineer III.md,
3 - Tags/Software Engineer II.md,
3 - Tags/Singleton Pattern.md,
3 - Tags/Shortest Path.md,
3 - Tags/Serverless.md,
3 - Tags/Senior Software Engineer.md,
3 - Tags/Security.md,
3 - Tags/Search Engine.md,
3 - Tags/SQL.md,
3 - Tags/SOLID.md,
3 - Tags/Relational Database.md,
3 - Tags/React.md,
3 - Tags/Professional.md,
3 - Tags/Prep.md,
3 - Tags/Personal.md,
3 - Tags/Personal Projects.md,
3 - Tags/Optimization.md,
3 - Tags/NoSQL.md,
3 - Tags/Networking.md,
3 - Tags/Monitoring.md,
3 - Tags/Matrix.md,
3 - Tags/Logging.md,
3 - Tags/Linked List.md,
3 - Tags/LiftsKit.md,
3 - Tags/Leetcode.md,
3 - Tags/Lambda.md,
3 - Tags/John Deere.md,
3 - Tags/Jobs.md,
3 - Tags/Interview.md,
3 - Tags/Interval.md,
3 - Tags/Infrastructure.md,
3 - Tags/Identity & Federation.md,
3 - Tags/Hosting.md,
3 - Tags/Graph.md,
3 - Tags/Graph Database.md,
3 - Tags/Fundamentals.md,
3 - Tags/Full Stack Software Engineer.md,
3 - Tags/Front End.md,
3 - Tags/Floyd-Warshall.md,
3 - Tags/Fixes.md,
3 - Tags/Event Driven.md,
3 - Tags/Elavon Service.md,
3 - Tags/Documentation.md,
3 - Tags/Digital Payment.md,
3 - Tags/Design Decision.md,
3 - Tags/Depth-First Search.md,
3 - Tags/Deployment.md,
3 - Tags/Deep Dive.md,
3 - Tags/Debate.md,
3 - Tags/Concurrency.md,
3 - Tags/Cloud Function.md,
3 - Tags/CICD.md,
3 - Tags/Builder Pattern.md,
3 - Tags/Binary Tree.md,
3 - Tags/Big Data.md,
3 - Tags/Best Practices.md,
3 - Tags/BST.md,
3 - Tags/BFS.md,
3 - Tags/Analytics.md,
3 - Tags/Alerting.md,
3 - Tags/Agile Development.md,
3 - Tags/ADR.md,
2 - Source Material/Diagrams/Design Google Maps.png,
1 - Rough Notes/SQL Practice.md,
1 - Rough Notes/Ideas.md,
1 - Rough Notes/Amazon Cognito.md,
1 - Rough Notes/322. Coin Change.md,
1 - Rough Notes/1105. Filing Bookcase Shelves.md,
0 - TODO/Photo Backup Server.md,
0 - TODO/Personal.md,
0 - TODO/Nvim.md,
0 - TODO/Note Reviewer.md,
0 - TODO/LiftsKit.md,
0 - TODO/Active Directory.md,